x_center_lon,y_center_lat,x_min_lon,y_min_lat,x_max_lon,y_max_lat,scale,saliency
-120.04166666666666, 39.04166666666667, -120.08333333333333, 39.0, -120.0, 39.083333333333336, 5, 5615
-120.05833333333334, 39.125, -120.1, 39.083333333333336, -120.01666666666667, 39.166666666666664, 5, 5556
-120.17500000000001, 38.875, -120.21666666666667, 38.833333333333336, -120.13333333333334, 38.916666666666664, 5, 4367
-120.04166666666666, 39.20833333333333, -120.08333333333333, 39.166666666666664, -120.0, 39.25, 5, 4152
-120.14166666666667, 39.108333333333334, -120.18333333333334, 39.06666666666667, -120.1, 39.15, 5, 3887
-120.04166666666666, 38.95833333333333, -120.08333333333333, 38.916666666666664, -120.0, 39.0, 5, 3725
-120.225, 38.95833333333333, -120.26666666666667, 38.916666666666664, -120.18333333333334, 39.0, 5, 3694
-120.04166666666666, 38.641666666666666, -120.08333333333333, 38.6, -120.0, 38.68333333333333, 5, 3369
-120.10833333333333, 33.95833333333333, -120.15, 33.916666666666664, -120.06666666666666, 34.0, 5, 3154
-120.125, 38.608333333333334, -120.16666666666667, 38.56666666666667, -120.08333333333333, 38.65, 5, 2942
-121.875, 36.79166666666667, -121.91666666666667, 36.75, -121.83333333333333, 36.833333333333336, 5, 2869
-120.94166666666666, 35.375, -120.98333333333333, 35.333333333333336, -120.9, 35.416666666666664, 5, 2858
-120.725, 35.09166666666667, -120.76666666666667, 35.05, -120.68333333333334, 35.13333333333333, 5, 2780
-121.92500000000001, 36.875, -121.96666666666667, 36.833333333333336, -121.88333333333334, 36.916666666666664, 5, 2694
-121.89166666666667, 36.70833333333333, -121.93333333333334, 36.666666666666664, -121.85, 36.75, 5, 2684
-120.125, 39.025000000000006, -120.16666666666667, 38.983333333333334, -120.08333333333333, 39.06666666666667, 5, 2634
-120.725, 35.00833333333333, -120.76666666666667, 34.96666666666667, -120.68333333333334, 35.05, 5, 2561
-120.50833333333333, 38.675, -120.55, 38.63333333333333, -120.46666666666667, 38.71666666666667, 5, 2537
-121.025, 35.391666666666666, -121.06666666666666, 35.35, -120.98333333333333, 35.43333333333334, 5, 2516
-121.95833333333334, 36.79166666666667, -122.0, 36.75, -121.91666666666667, 36.833333333333336, 5, 2502
-120.54166666666666, 39.40833333333333, -120.58333333333333, 39.36666666666667, -120.5, 39.45, 5, 2502
-120.95833333333334, 35.29166666666667, -121.0, 35.25, -120.91666666666667, 35.333333333333336, 5, 2457
-120.09166666666667, 38.875, -120.13333333333334, 38.833333333333336, -120.05, 38.916666666666664, 5, 2433
-120.80833333333334, 35.108333333333334, -120.85, 35.06666666666666, -120.76666666666667, 35.15, 5, 2403
-120.50833333333333, 38.59166666666667, -120.55, 38.55, -120.46666666666667, 38.63333333333333, 5, 2398
-120.775, 39.575, -120.81666666666666, 39.53333333333333, -120.73333333333333, 39.61666666666667, 5, 2393
-122.00833333333333, 36.875, -122.05, 36.833333333333336, -121.96666666666667, 36.916666666666664, 5, 2374
-121.10833333333333, 35.45833333333333, -121.15, 35.416666666666664, -121.06666666666666, 35.5, 5, 2347
-121.19166666666666, 35.55833333333334, -121.23333333333333, 35.516666666666666, -121.15, 35.6, 5, 2341
-120.44166666666666, 34.94166666666666, -120.48333333333333, 34.9, -120.4, 34.983333333333334, 5, 2313
-120.725, 38.875, -120.76666666666667, 38.833333333333336, -120.68333333333334, 38.916666666666664, 5, 2297
-121.67500000000001, 39.95833333333333, -121.71666666666667, 39.916666666666664, -121.63333333333334, 40.0, 5, 2290
-120.04166666666666, 38.00833333333333, -120.08333333333333, 37.96666666666667, -120.0, 38.05, 5, 2285
-121.975, 36.70833333333333, -122.01666666666667, 36.666666666666664, -121.93333333333334, 36.75, 5, 2279
-120.25833333333333, 38.875, -120.3, 38.833333333333336, -120.21666666666667, 38.916666666666664, 5, 2275
-120.04166666666666, 38.724999999999994, -120.08333333333333, 38.68333333333333, -120.0, 38.766666666666666, 5, 2272
-120.59166666666667, 35.00833333333333, -120.63333333333334, 34.96666666666667, -120.55, 35.05, 5, 2266
-120.59166666666667, 38.974999999999994, -120.63333333333334, 38.93333333333333, -120.55, 39.016666666666666, 5, 2257
-120.29166666666666, 39.19166666666666, -120.33333333333333, 39.15, -120.25, 39.233333333333334, 5, 2254
-120.64166666666667, 38.80833333333334, -120.68333333333334, 38.766666666666666, -120.6, 38.85, 5, 2249
-120.74166666666667, 34.925, -120.78333333333333, 34.88333333333333, -120.7, 34.96666666666667, 5, 2244
-120.45833333333334, 34.641666666666666, -120.5, 34.6, -120.41666666666667, 34.68333333333334, 5, 2242
-120.04166666666666, 37.59166666666667, -120.08333333333333, 37.55, -120.0, 37.63333333333333, 5, 2211
-120.375, 39.375, -120.41666666666667, 39.333333333333336, -120.33333333333333, 39.416666666666664, 5, 2204
-121.05833333333334, 39.525000000000006, -121.1, 39.483333333333334, -121.01666666666667, 39.56666666666667, 5, 2197
-120.75833333333333, 38.95833333333333, -120.8, 38.916666666666664, -120.71666666666667, 39.0, 5, 2186
-120.125, 39.19166666666666, -120.16666666666667, 39.15, -120.08333333333333, 39.233333333333334, 5, 2177
-120.20833333333334, 38.608333333333334, -120.25, 38.56666666666667, -120.16666666666667, 38.65, 5, 2157
-120.80833333333334, 35.025, -120.85, 34.983333333333334, -120.76666666666667, 35.06666666666666, 5, 2152
-120.39166666666667, 38.358333333333334, -120.43333333333334, 38.31666666666667, -120.35, 38.4, 5, 2152
-120.50833333333333, 38.50833333333333, -120.55, 38.46666666666667, -120.46666666666667, 38.55, 5, 2144
-120.39166666666667, 38.474999999999994, -120.43333333333334, 38.43333333333333, -120.35, 38.516666666666666, 5, 2144
-120.54166666666666, 38.75833333333333, -120.58333333333333, 38.71666666666667, -120.5, 38.8, 5, 2139
-121.60833333333333, 39.875, -121.65, 39.833333333333336, -121.56666666666666, 39.916666666666664, 5, 2136
-121.55833333333334, 35.94166666666666, -121.6, 35.9, -121.51666666666667, 35.983333333333334, 5, 2136
-120.09166666666667, 34.625, -120.13333333333334, 34.583333333333336, -120.05, 34.666666666666664, 5, 2135
-120.89166666666667, 35.141666666666666, -120.93333333333334, 35.1, -120.85, 35.18333333333334, 5, 2133
-120.42500000000001, 38.575, -120.46666666666667, 38.53333333333333, -120.38333333333334, 38.61666666666667, 5, 2132
-120.19166666666666, 33.975, -120.23333333333333, 33.93333333333334, -120.15, 34.016666666666666, 5, 2130
-121.40833333333333, 35.75833333333333, -121.45, 35.71666666666667, -121.36666666666667, 35.8, 5, 2127
-120.25833333333333, 39.04166666666667, -120.3, 39.0, -120.21666666666667, 39.083333333333336, 5, 2124
-120.04166666666666, 37.675, -120.08333333333333, 37.63333333333333, -120.0, 37.71666666666667, 5, 2124
-120.825, 39.09166666666667, -120.86666666666667, 39.05, -120.78333333333333, 39.13333333333333, 5, 2119
-122.04166666666666, 36.79166666666667, -122.08333333333333, 36.75, -122.0, 36.833333333333336, 5, 2116
-120.74166666666667, 39.175, -120.78333333333333, 39.13333333333333, -120.7, 39.21666666666667, 5, 2111
-120.70833333333334, 34.84166666666667, -120.75, 34.8, -120.66666666666667, 34.88333333333333, 5, 2094
-121.275, 35.575, -121.31666666666666, 35.53333333333333, -121.23333333333333, 35.61666666666667, 5, 2092
-120.975, 35.20833333333333, -121.01666666666667, 35.166666666666664, -120.93333333333334, 35.25, 5, 2089
-120.575, 38.29166666666667, -120.61666666666667, 38.25, -120.53333333333333, 38.333333333333336, 5, 2088
-120.65833333333333, 39.05833333333334, -120.7, 39.016666666666666, -120.61666666666667, 39.1, 5, 2087
-121.04166666666666, 35.30833333333334, -121.08333333333333, 35.266666666666666, -121.0, 35.35, 5, 2078
-121.40833333333333, 39.775000000000006, -121.45, 39.733333333333334, -121.36666666666667, 39.81666666666667, 5, 2071
-120.04166666666666, 34.391666666666666, -120.08333333333333, 34.35, -120.0, 34.43333333333334, 5, 2070
-121.19166666666666, 35.475, -121.23333333333333, 35.43333333333334, -121.15, 35.516666666666666, 5, 2065
-120.67500000000001, 38.95833333333333, -120.71666666666667, 38.916666666666664, -120.63333333333334, 39.0, 5, 2065
-120.89166666666667, 39.30833333333334, -120.93333333333334, 39.266666666666666, -120.85, 39.35, 5, 2058
-120.25833333333333, 38.075, -120.3, 38.03333333333333, -120.21666666666667, 38.11666666666667, 5, 2051
-121.49166666666667, 35.825, -121.53333333333333, 35.78333333333333, -121.45, 35.86666666666667, 5, 2039
-120.35833333333333, 34.925, -120.4, 34.88333333333333, -120.31666666666666, 34.96666666666667, 5, 2026
-120.15833333333333, 34.40833333333333, -120.2, 34.36666666666667, -120.11666666666667, 34.45, 5, 2025
-120.69166666666666, 39.675, -120.73333333333333, 39.63333333333333, -120.65, 39.71666666666667, 5, 2018
-120.375, 38.275000000000006, -120.41666666666667, 38.233333333333334, -120.33333333333333, 38.31666666666667, 5, 2015
-120.17500000000001, 38.05833333333334, -120.21666666666667, 38.016666666666666, -120.13333333333334, 38.1, 5, 2015
-122.09166666666667, 36.875, -122.13333333333334, 36.833333333333336, -122.05, 36.916666666666664, 5, 2007
-120.85833333333333, 39.54166666666667, -120.9, 39.5, -120.81666666666666, 39.583333333333336, 5, 2006
-120.65833333333333, 39.20833333333333, -120.7, 39.166666666666664, -120.61666666666667, 39.25, 5, 2002
-120.84166666666667, 38.94166666666666, -120.88333333333334, 38.9, -120.8, 38.983333333333334, 5, 1997
-120.125, 37.725, -120.16666666666667, 37.68333333333334, -120.08333333333333, 37.766666666666666, 5, 1993
-121.125, 35.375, -121.16666666666667, 35.333333333333336, -121.08333333333333, 35.416666666666664, 5, 1977
-120.14166666666667, 38.95833333333333, -120.18333333333334, 38.916666666666664, -120.1, 39.0, 5, 1976
-121.325, 39.724999999999994, -121.36666666666667, 39.68333333333333, -121.28333333333333, 39.766666666666666, 5, 1971
-121.525, 39.858333333333334, -121.56666666666666, 39.81666666666667, -121.48333333333333, 39.9, 5, 1967
-120.475, 38.425, -120.51666666666667, 38.38333333333333, -120.43333333333334, 38.46666666666667, 5, 1967
-120.50833333333333, 35.00833333333333, -120.55, 34.96666666666667, -120.46666666666667, 35.05, 5, 1963
-121.225, 39.49166666666667, -121.26666666666667, 39.45, -121.18333333333334, 39.53333333333333, 5, 1960
-121.375, 35.675, -121.41666666666667, 35.63333333333333, -121.33333333333333, 35.71666666666667, 5, 1957
-120.59166666666667, 38.525000000000006, -120.63333333333334, 38.483333333333334, -120.55, 38.56666666666667, 5, 1953
-120.04166666666666, 38.55833333333334, -120.08333333333333, 38.516666666666666, -120.0, 38.6, 5, 1952
-120.70833333333334, 34.75833333333333, -120.75, 34.71666666666667, -120.66666666666667, 34.8, 5, 1951
-121.69166666666666, 36.09166666666667, -121.73333333333333, 36.05, -121.65, 36.13333333333333, 5, 1936
-120.50833333333333, 38.974999999999994, -120.55, 38.93333333333333, -120.46666666666667, 39.016666666666666, 5, 1930
-120.975, 39.474999999999994, -121.01666666666667, 39.43333333333333, -120.93333333333334, 39.516666666666666, 5, 1914
-120.59166666666667, 35.09166666666667, -120.63333333333334, 35.05, -120.55, 35.13333333333333, 5, 1914
-120.80833333333334, 39.325, -120.85, 39.28333333333333, -120.76666666666667, 39.36666666666667, 5, 1909
-121.14166666666667, 39.54166666666667, -121.18333333333334, 39.5, -121.1, 39.583333333333336, 5, 1907
-120.24166666666667, 34.40833333333333, -120.28333333333333, 34.36666666666667, -120.2, 34.45, 5, 1907
-120.575, 38.891666666666666, -120.61666666666667, 38.85, -120.53333333333333, 38.93333333333333, 5, 1904
-121.40833333333333, 39.69166666666666, -121.45, 39.65, -121.36666666666667, 39.733333333333334, 5, 1902
-120.375, 34.641666666666666, -120.41666666666667, 34.6, -120.33333333333333, 34.68333333333334, 5, 1902
-122.44166666666666, 37.74166666666667, -122.48333333333333, 37.7, -122.4, 37.78333333333333, 5, 1900
-120.525, 34.891666666666666, -120.56666666666666, 34.85, -120.48333333333333, 34.93333333333334, 5, 1895
-121.64166666666667, 36.00833333333333, -121.68333333333334, 35.96666666666667, -121.6, 36.05, 5, 1894
-121.49166666666667, 37.94166666666666, -121.53333333333333, 37.9, -121.45, 37.983333333333334, 5, 1885
-120.79166666666666, 39.425, -120.83333333333333, 39.38333333333333, -120.75, 39.46666666666667, 5, 1877
-120.42500000000001, 38.65833333333333, -120.46666666666667, 38.61666666666667, -120.38333333333334, 38.7, 5, 1877
-121.24166666666667, 39.70833333333333, -121.28333333333333, 39.666666666666664, -121.2, 39.75, 5, 1872
-120.34166666666667, 38.09166666666667, -120.38333333333334, 38.05, -120.3, 38.13333333333333, 5, 1862
-120.04166666666666, 33.95833333333333, -120.08333333333333, 33.916666666666664, -120.0, 34.0, 5, 1860
-120.325, 35.95833333333333, -120.36666666666667, 35.916666666666664, -120.28333333333333, 36.0, 5, 1859
-120.125, 38.69166666666666, -120.16666666666667, 38.65, -120.08333333333333, 38.733333333333334, 5, 1859
-120.54166666666666, 34.675, -120.58333333333333, 34.63333333333333, -120.5, 34.71666666666667, 5, 1852
-121.775, 36.141666666666666, -121.81666666666666, 36.1, -121.73333333333333, 36.18333333333334, 5, 1850
-122.025, 36.625, -122.06666666666666, 36.583333333333336, -121.98333333333333, 36.666666666666664, 5, 1845
-120.825, 34.94166666666666, -120.86666666666667, 34.9, -120.78333333333333, 34.983333333333334, 5, 1842
-120.29166666666666, 38.275000000000006, -120.33333333333333, 38.233333333333334, -120.25, 38.31666666666667, 5, 1838
-120.575, 39.05833333333334, -120.61666666666667, 39.016666666666666, -120.53333333333333, 39.1, 5, 1836
-120.89166666666667, 35.05833333333334, -120.93333333333334, 35.016666666666666, -120.85, 35.1, 5, 1832
-122.25833333333333, 38.59166666666667, -122.3, 38.55, -122.21666666666667, 38.63333333333333, 5, 1828
-121.92500000000001, 37.375, -121.96666666666667, 37.333333333333336, -121.88333333333334, 37.416666666666664, 5, 1823
-121.35833333333333, 35.59166666666667, -121.4, 35.55, -121.31666666666666, 35.63333333333333, 5, 1822
-120.30833333333334, 38.95833333333333, -120.35, 38.916666666666664, -120.26666666666667, 39.0, 5, 1816
-120.975, 39.29166666666667, -121.01666666666667, 39.25, -120.93333333333334, 39.333333333333336, 5, 1814
-120.04166666666666, 38.175, -120.08333333333333, 38.13333333333333, -120.0, 38.21666666666667, 5, 1812
-120.69166666666666, 34.675, -120.73333333333333, 34.63333333333333, -120.65, 34.71666666666667, 5, 1811
-120.15833333333333, 37.80833333333334, -120.2, 37.766666666666666, -120.11666666666667, 37.85, 5, 1810
-120.79166666666666, 34.84166666666667, -120.83333333333333, 34.8, -120.75, 34.88333333333333, 5, 1808
-120.04166666666666, 35.375, -120.08333333333333, 35.333333333333336, -120.0, 35.416666666666664, 5, 1806
-120.04166666666666, 38.09166666666667, -120.08333333333333, 38.05, -120.0, 38.13333333333333, 5, 1801
-122.05833333333334, 36.70833333333333, -122.1, 36.666666666666664, -122.01666666666667, 36.75, 5, 1795
-120.74166666666667, 39.04166666666667, -120.78333333333333, 39.0, -120.7, 39.083333333333336, 5, 1793
-120.59166666666667, 38.608333333333334, -120.63333333333334, 38.56666666666667, -120.55, 38.65, 5, 1787
-120.04166666666666, 38.474999999999994, -120.08333333333333, 38.43333333333333, -120.0, 38.516666666666666, 5, 1786
-121.05833333333334, 39.608333333333334, -121.1, 39.56666666666667, -121.01666666666667, 39.65, 5, 1785
-120.45833333333334, 39.375, -120.5, 39.333333333333336, -120.41666666666667, 39.416666666666664, 5, 1785
-120.17500000000001, 34.625, -120.21666666666667, 34.583333333333336, -120.13333333333334, 34.666666666666664, 5, 1785
-120.975, 35.125, -121.01666666666667, 35.083333333333336, -120.93333333333334, 35.166666666666664, 5, 1783
-120.275, 38.74166666666667, -120.31666666666666, 38.7, -120.23333333333333, 38.78333333333333, 5, 1780
-121.25833333333333, 39.575, -121.3, 39.53333333333333, -121.21666666666667, 39.61666666666667, 5, 1779
-120.25833333333333, 34.608333333333334, -120.3, 34.56666666666666, -120.21666666666667, 34.65, 5, 1779
-120.875, 39.45833333333333, -120.91666666666667, 39.416666666666664, -120.83333333333333, 39.5, 5, 1776
-121.59166666666667, 39.95833333333333, -121.63333333333334, 39.916666666666664, -121.55, 40.0, 5, 1774
-121.42500000000001, 39.95833333333333, -121.46666666666667, 39.916666666666664, -121.38333333333334, 40.0, 5, 1772
-122.525, 37.425, -122.56666666666666, 37.38333333333333, -122.48333333333333, 37.46666666666667, 5, 1768
-122.125, 38.45833333333333, -122.16666666666667, 38.416666666666664, -122.08333333333333, 38.5, 5, 1765
-120.30833333333334, 38.45833333333333, -120.35, 38.416666666666664, -120.26666666666667, 38.5, 5, 1764
-120.04166666666666, 37.75833333333333, -120.08333333333333, 37.71666666666667, -120.0, 37.8, 5, 1760
-122.00833333333333, 36.50833333333333, -122.05, 36.46666666666667, -121.96666666666667, 36.55, 5, 1759
-121.05833333333334, 35.225, -121.1, 35.18333333333334, -121.01666666666667, 35.266666666666666, 5, 1757
-121.275, 35.49166666666667, -121.31666666666666, 35.45, -121.23333333333333, 35.53333333333333, 5, 1754
-120.44166666666666, 34.50833333333333, -120.48333333333333, 34.46666666666667, -120.4, 34.55, 5, 1754
-120.44166666666666, 34.858333333333334, -120.48333333333333, 34.81666666666666, -120.4, 34.9, 5, 1753
-120.625, 36.34166666666667, -120.66666666666667, 36.3, -120.58333333333333, 36.38333333333333, 5, 1751
-122.49166666666667, 37.34166666666667, -122.53333333333333, 37.3, -122.45, 37.38333333333333, 5, 1749
-120.67500000000001, 38.44166666666666, -120.71666666666667, 38.4, -120.63333333333334, 38.483333333333334, 5, 1737
-120.575, 34.80833333333334, -120.61666666666667, 34.766666666666666, -120.53333333333333, 34.85, 5, 1737
-122.17500000000001, 36.90833333333333, -122.21666666666667, 36.86666666666667, -122.13333333333334, 36.95, 5, 1735
-122.79166666666666, 37.858333333333334, -122.83333333333333, 37.81666666666667, -122.75, 37.9, 5, 1734
-120.775, 39.65833333333333, -120.81666666666666, 39.61666666666667, -120.73333333333333, 39.7, 5, 1730
-120.65833333333333, 38.275000000000006, -120.7, 38.233333333333334, -120.61666666666667, 38.31666666666667, 5, 1730
-122.125, 36.79166666666667, -122.16666666666667, 36.75, -122.08333333333333, 36.833333333333336, 5, 1729
-122.00833333333333, 37.358333333333334, -122.05, 37.31666666666667, -121.96666666666667, 37.4, 5, 1728
-122.74166666666667, 39.55833333333334, -122.78333333333333, 39.516666666666666, -122.7, 39.6, 5, 1726
-120.59166666666667, 38.44166666666666, -120.63333333333334, 38.4, -120.55, 38.483333333333334, 5, 1722
-122.44166666666666, 37.65833333333333, -122.48333333333333, 37.61666666666667, -122.4, 37.7, 5, 1712
-120.04166666666666, 34.30833333333334, -120.08333333333333, 34.266666666666666, -120.0, 34.35, 5, 1712
-120.325, 34.391666666666666, -120.36666666666667, 34.35, -120.28333333333333, 34.43333333333334, 5, 1710
-121.64166666666667, 36.69166666666666, -121.68333333333334, 36.65, -121.6, 36.733333333333334, 5, 1709
-121.49166666666667, 35.74166666666667, -121.53333333333333, 35.7, -121.45, 35.78333333333333, 5, 1709
-120.94166666666666, 39.625, -120.98333333333333, 39.583333333333336, -120.9, 39.666666666666664, 5, 1709
-120.14166666666667, 34.70833333333333, -120.18333333333334, 34.666666666666664, -120.1, 34.75, 5, 1706
-121.525, 39.775000000000006, -121.56666666666666, 39.733333333333334, -121.48333333333333, 39.81666666666667, 5, 1705
-120.45833333333334, 38.74166666666667, -120.5, 38.7, -120.41666666666667, 38.78333333333333, 5, 1703
-121.05833333333334, 39.44166666666666, -121.1, 39.4, -121.01666666666667, 39.483333333333334, 5, 1702
-120.825, 39.175, -120.86666666666667, 39.13333333333333, -120.78333333333333, 39.21666666666667, 5, 1696
-121.84166666666667, 37.30833333333334, -121.88333333333334, 37.266666666666666, -121.8, 37.35, 5, 1695
-120.99166666666667, 35.525, -121.03333333333333, 35.483333333333334, -120.95, 35.56666666666666, 5, 1694
-120.95833333333334, 39.391666666666666, -121.0, 39.35, -120.91666666666667, 39.43333333333333, 5, 1693
-120.34166666666667, 38.55833333333334, -120.38333333333334, 38.516666666666666, -120.3, 38.6, 5, 1693
-122.57499999999999, 37.65833333333333, -122.61666666666666, 37.61666666666667, -122.53333333333333, 37.7, 5, 1685
-121.85833333333333, 36.19166666666666, -121.9, 36.15, -121.81666666666666, 36.233333333333334, 5, 1685
-120.08333333333334, 39.099999999999994, -120.16666666666667, 39.016666666666666, -120.0, 39.18333333333333, 10, 19008
-120.18333333333334, 38.91666666666667, -120.26666666666667, 38.833333333333336, -120.1, 39.0, 10, 13318
-120.08333333333334, 38.63333333333333, -120.16666666666667, 38.55, -120.0, 38.71666666666667, 10, 10642
-121.91666666666666, 36.78333333333333, -122.0, 36.7, -121.83333333333333, 36.86666666666667, 10, 10501
-120.75, 35.06666666666666, -120.83333333333333, 34.983333333333334, -120.66666666666667, 35.15, 10, 9934
-120.98333333333333, 35.35, -121.06666666666666, 35.266666666666666, -120.9, 35.43333333333334, 10, 9906
-120.5, 38.63333333333333, -120.58333333333333, 38.55, -120.41666666666667, 38.71666666666667, 10, 9100
-120.71666666666667, 38.900000000000006, -120.8, 38.81666666666667, -120.63333333333334, 38.983333333333334, 10, 8517
-120.46666666666667, 34.93333333333334, -120.55, 34.85, -120.38333333333334, 35.016666666666666, 10, 8318
-121.2, 35.516666666666666, -121.28333333333333, 35.43333333333334, -121.11666666666667, 35.6, 10, 8306
-120.43333333333334, 38.46666666666667, -120.51666666666667, 38.38333333333333, -120.35, 38.55, 10, 8140
-121.63333333333333, 39.91666666666667, -121.71666666666667, 39.833333333333336, -121.55, 40.0, 10, 8011
-120.11666666666667, 33.95, -120.2, 33.86666666666667, -120.03333333333333, 34.03333333333333, 10, 7994
-120.76666666666667, 34.9, -120.85, 34.81666666666666, -120.68333333333334, 34.983333333333334, 10, 7992
-122.08333333333334, 36.85, -122.16666666666667, 36.766666666666666, -122.0, 36.93333333333334, 10, 7958
-120.81666666666666, 39.53333333333333, -120.9, 39.45, -120.73333333333333, 39.61666666666667, 10, 7826
-120.08333333333334, 38.03333333333333, -120.16666666666667, 37.95, -120.0, 38.11666666666667, 10, 7824
-120.55000000000001, 38.96666666666667, -120.63333333333334, 38.88333333333333, -120.46666666666667, 39.05, 10, 7763
-120.75, 39.13333333333333, -120.83333333333333, 39.05, -120.66666666666667, 39.21666666666667, 10, 7737
-121.08333333333334, 39.55, -121.16666666666667, 39.46666666666667, -121.0, 39.63333333333333, 10, 7711
-120.91666666666666, 35.11666666666667, -121.0, 35.03333333333333, -120.83333333333333, 35.2, 10, 7651
-120.46666666666667, 34.61666666666667, -120.55, 34.53333333333333, -120.38333333333334, 34.7, 10, 7613
-120.55000000000001, 38.8, -120.63333333333334, 38.71666666666667, -120.46666666666667, 38.88333333333333, 10, 7560
-120.5, 39.36666666666667, -120.58333333333333, 39.28333333333333, -120.41666666666667, 39.45, 10, 7499
-120.85, 39.36666666666667, -120.93333333333334, 39.28333333333333, -120.76666666666667, 39.45, 10, 7461
-121.38333333333333, 39.75, -121.46666666666667, 39.666666666666664, -121.3, 39.833333333333336, 10, 7446
-121.43333333333334, 35.733333333333334, -121.51666666666667, 35.65, -121.35, 35.81666666666666, 10, 7439
-120.08333333333334, 37.733333333333334, -120.16666666666667, 37.65, -120.0, 37.81666666666667, 10, 7431
-120.08333333333334, 34.36666666666667, -120.16666666666667, 34.28333333333333, -120.0, 34.45, 10, 7409
-120.35, 38.3, -120.43333333333334, 38.21666666666667, -120.26666666666667, 38.38333333333333, 10, 7404
-121.58333333333334, 35.91666666666667, -121.66666666666667, 35.833333333333336, -121.5, 36.0, 10, 7333
-120.6, 38.46666666666667, -120.68333333333334, 38.38333333333333, -120.51666666666667, 38.55, 10, 7165
-121.15, 35.35, -121.23333333333333, 35.266666666666666, -121.06666666666666, 35.43333333333334, 10, 7127
-120.58333333333334, 38.3, -120.66666666666667, 38.21666666666667, -120.5, 38.38333333333333, 10, 7098
-120.08333333333334, 38.93333333333334, -120.16666666666667, 38.85, -120.0, 39.016666666666666, 10, 7051
-120.13333333333333, 34.65, -120.21666666666667, 34.56666666666666, -120.05, 34.733333333333334, 10, 6990
-120.73333333333333, 34.733333333333334, -120.81666666666666, 34.65, -120.65, 34.81666666666666, 10, 6985
-121.25, 39.516666666666666, -121.33333333333333, 39.43333333333333, -121.16666666666667, 39.6, 10, 6913
-120.71666666666667, 39.7, -120.8, 39.61666666666667, -120.63333333333334, 39.78333333333333, 10, 6906
-120.25, 38.099999999999994, -120.33333333333333, 38.016666666666666, -120.16666666666667, 38.18333333333333, 10, 6903
-120.33333333333334, 39.38333333333333, -120.41666666666667, 39.3, -120.25, 39.46666666666667, 10, 6885
-120.08333333333334, 39.266666666666666, -120.16666666666667, 39.18333333333333, -120.0, 39.35, 10, 6835
-120.28333333333333, 39.08333333333333, -120.36666666666667, 39.0, -120.2, 39.166666666666664, 10, 6807
-121.93333333333334, 37.33333333333333, -122.01666666666667, 37.25, -121.85, 37.416666666666664, 10, 6730
-121.73333333333333, 36.08333333333333, -121.81666666666666, 36.0, -121.65, 36.166666666666664, 10, 6721
-120.25, 34.36666666666667, -120.33333333333333, 34.28333333333333, -120.16666666666667, 34.45, 10, 6682
-122.08333333333334, 36.68333333333334, -122.16666666666667, 36.6, -122.0, 36.766666666666666, 10, 6624
-121.36666666666667, 35.56666666666666, -121.45, 35.483333333333334, -121.28333333333333, 35.65, 10, 6597
-120.88333333333333, 38.983333333333334, -120.96666666666667, 38.9, -120.8, 39.06666666666667, 10, 6566
-120.58333333333334, 39.13333333333333, -120.66666666666667, 39.05, -120.5, 39.21666666666667, 10, 6559
-120.30000000000001, 34.6, -120.38333333333334, 34.516666666666666, -120.21666666666667, 34.68333333333334, 10, 6446
-122.55000000000001, 37.38333333333333, -122.63333333333334, 37.3, -122.46666666666667, 37.46666666666667, 10, 6442
-120.68333333333334, 36.31666666666666, -120.76666666666667, 36.233333333333334, -120.6, 36.4, 10, 6364
-120.33333333333334, 38.650000000000006, -120.41666666666667, 38.56666666666667, -120.25, 38.733333333333334, 10, 6312
-120.30000000000001, 34.81666666666666, -120.38333333333334, 34.733333333333334, -120.21666666666667, 34.9, 10, 6308
-121.21666666666667, 39.71666666666667, -121.3, 39.63333333333333, -121.13333333333334, 39.8, 10, 6277
-122.83333333333334, 37.85, -122.91666666666667, 37.766666666666666, -122.75, 37.93333333333334, 10, 6267
-121.08333333333334, 35.18333333333334, -121.16666666666667, 35.1, -121.0, 35.266666666666666, 10, 6208
-121.46666666666667, 39.91666666666667, -121.55, 39.833333333333336, -121.38333333333334, 40.0, 10, 6196
-120.58333333333334, 35.03333333333333, -120.66666666666667, 34.95, -120.5, 35.11666666666667, 10, 6181
-121.01666666666667, 39.38333333333333, -121.1, 39.3, -120.93333333333334, 39.46666666666667, 10, 6167
-120.65, 35.63333333333333, -120.73333333333333, 35.55, -120.56666666666666, 35.71666666666667, 10, 6152
-122.03333333333333, 36.483333333333334, -122.11666666666666, 36.4, -121.95, 36.56666666666667, 10, 6050
-120.91666666666666, 39.2, -121.0, 39.11666666666667, -120.83333333333333, 39.28333333333333, 10, 6029
-120.30000000000001, 39.75, -120.38333333333334, 39.666666666666664, -120.21666666666667, 39.833333333333336, 10, 6002
-122.25, 36.900000000000006, -122.33333333333333, 36.81666666666667, -122.16666666666667, 36.983333333333334, 10, 5980
-122.63333333333333, 37.61666666666667, -122.71666666666667, 37.53333333333333, -122.55, 37.7, 10, 5979
-120.08333333333334, 38.2, -120.16666666666667, 38.11666666666667, -120.0, 38.28333333333333, 10, 5924
-120.93333333333334, 34.95, -121.01666666666667, 34.86666666666667, -120.85, 35.03333333333333, 10, 5888
-121.03333333333333, 35.516666666666666, -121.11666666666667, 35.43333333333334, -120.95, 35.6, 10, 5838
-121.03333333333333, 39.71666666666667, -121.11666666666667, 39.63333333333333, -120.95, 39.8, 10, 5823
-120.93333333333334, 36.13333333333333, -121.01666666666667, 36.05, -120.85, 36.21666666666667, 10, 5805
-120.08333333333334, 38.46666666666667, -120.16666666666667, 38.38333333333333, -120.0, 38.55, 10, 5798
-120.5, 36.5, -120.58333333333333, 36.416666666666664, -120.41666666666667, 36.583333333333336, 10, 5744
-122.46666666666667, 37.7, -122.55, 37.61666666666667, -122.38333333333334, 37.78333333333333, 10, 5726
-120.68333333333334, 39.3, -120.76666666666667, 39.21666666666667, -120.6, 39.38333333333333, 10, 5718
-123.08333333333334, 38.2, -123.16666666666667, 38.11666666666667, -123.0, 38.28333333333333, 10, 5710
-120.46666666666667, 39.55, -120.55, 39.46666666666667, -120.38333333333334, 39.63333333333333, 10, 5709
-120.08333333333334, 35.41666666666667, -120.16666666666667, 35.333333333333336, -120.0, 35.5, 10, 5705
-120.125, 39.075, -120.25, 38.95, -120.0, 39.2, 15, 31749
-121.95833333333333, 36.791666666666664, -122.08333333333333, 36.666666666666664, -121.83333333333333, 36.916666666666664, 15, 21321
-120.15833333333333, 38.825, -120.28333333333333, 38.7, -120.03333333333333, 38.95, 15, 19993
-120.80833333333334, 35.025, -120.93333333333334, 34.9, -120.68333333333334, 35.15, 15, 19359
-121.025, 35.30833333333334, -121.15, 35.18333333333334, -120.9, 35.43333333333334, 15, 19344
-120.475, 38.59166666666667, -120.6, 38.46666666666667, -120.35, 38.71666666666667, 15, 18877
-120.65833333333333, 38.90833333333333, -120.78333333333333, 38.78333333333333, -120.53333333333333, 39.03333333333333, 15, 18584
-120.125, 38.575, -120.25, 38.45, -120.0, 38.7, 15, 18195
-120.49166666666667, 34.90833333333333, -120.61666666666667, 34.78333333333333, -120.36666666666667, 35.03333333333333, 15, 16736
-120.74166666666667, 39.15833333333333, -120.86666666666667, 39.03333333333333, -120.61666666666667, 39.28333333333333, 15, 16698
-120.85833333333333, 39.525, -120.98333333333333, 39.4, -120.73333333333333, 39.65, 15, 16557
-120.475, 38.34166666666667, -120.6, 38.21666666666667, -120.35, 38.46666666666667, 15, 16189
-121.55833333333334, 39.875, -121.68333333333334, 39.75, -121.43333333333334, 40.0, 15, 16007
-120.125, 38.075, -120.25, 37.95, -120.0, 38.2, 15, 15990
-121.25833333333334, 35.50833333333333, -121.38333333333334, 35.38333333333333, -121.13333333333334, 35.63333333333333, 15, 15962
-120.45833333333333, 39.391666666666666, -120.58333333333333, 39.266666666666666, -120.33333333333333, 39.516666666666666, 15, 15749
-121.14166666666667, 39.575, -121.26666666666667, 39.45, -121.01666666666667, 39.7, 15, 15691
-120.44166666666666, 34.65833333333333, -120.56666666666666, 34.53333333333333, -120.31666666666666, 34.78333333333333, 15, 15246
-120.775, 34.775, -120.9, 34.65, -120.65, 34.9, 15, 15056
-120.125, 34.325, -120.25, 34.2, -120.0, 34.45, 15, 14642
-121.475, 35.74166666666667, -121.6, 35.61666666666667, -121.35, 35.86666666666667, 15, 14277
-120.19166666666666, 34.675, -120.31666666666666, 34.55, -120.06666666666666, 34.8, 15, 14085
-120.125, 37.725, -120.25, 37.6, -120.0, 37.85, 15, 14077
-120.375, 39.075, -120.5, 38.95, -120.25, 39.2, 15, 14022
-121.30833333333334, 39.775, -121.43333333333334, 39.65, -121.18333333333334, 39.9, 15, 13378
-121.65833333333333, 35.99166666666667, -121.78333333333333, 35.86666666666667, -121.53333333333333, 36.11666666666667, 15, 13332
-120.775, 39.775, -120.9, 39.65, -120.65, 39.9, 15, 13225
-122.20833333333333, 36.84166666666667, -122.33333333333333, 36.71666666666667, -122.08333333333333, 36.96666666666667, 15, 13151
-120.60833333333333, 35.641666666666666, -120.73333333333333, 35.516666666666666, -120.48333333333333, 35.766666666666666, 15, 12740
-122.575, 37.358333333333334, -122.7, 37.233333333333334, -122.45, 37.483333333333334, 15, 12736
-122.74166666666666, 37.75833333333333, -122.86666666666666, 37.63333333333333, -122.61666666666666, 37.88333333333333, 15, 12728
-121.925, 37.358333333333334, -122.05, 37.233333333333334, -121.8, 37.483333333333334, 15, 12714
-120.125, 34.041666666666664, -120.25, 33.916666666666664, -120.0, 34.166666666666664, 15, 12689
-122.075, 36.541666666666664, -122.2, 36.416666666666664, -121.95, 36.666666666666664, 15, 12559
-120.60833333333333, 36.425, -120.73333333333333, 36.3, -120.48333333333333, 36.55, 15, 12461
-120.975, 39.275, -121.1, 39.15, -120.85, 39.4, 15, 12295
-120.375, 34.40833333333333, -120.5, 34.28333333333333, -120.25, 34.53333333333333, 15, 12273
-120.225, 38.325, -120.35, 38.2, -120.1, 38.45, 15, 12045
-120.29166666666667, 39.725, -120.41666666666667, 39.6, -120.16666666666667, 39.85, 15, 12036
-121.05833333333334, 35.05833333333334, -121.18333333333334, 34.93333333333334, -120.93333333333334, 35.18333333333334, 15, 11919
-120.40833333333333, 38.825, -120.53333333333333, 38.7, -120.28333333333333, 38.95, 15, 11848
-120.20833333333333, 39.325, -120.33333333333333, 39.2, -120.08333333333333, 39.45, 15, 11790
-120.125, 35.50833333333333, -120.25, 35.38333333333333, -120.0, 35.63333333333333, 15, 11695
-121.05833333333334, 39.825, -121.18333333333334, 39.7, -120.93333333333334, 39.95, 15, 11684
-120.95833333333333, 36.15833333333333, -121.08333333333333, 36.03333333333333, -120.83333333333333, 36.28333333333333, 15, 11576
-120.90833333333333, 38.99166666666667, -121.03333333333333, 38.86666666666667, -120.78333333333333, 39.11666666666667, 15, 11430
-123.125, 38.225, -123.25, 38.1, -123.0, 38.35, 15, 11370
-121.90833333333333, 36.175, -122.03333333333333, 36.05, -121.78333333333333, 36.3, 15, 11361
-120.25833333333334, 36.041666666666664, -120.38333333333334, 35.916666666666664, -120.13333333333334, 36.166666666666664, 15, 11279
-120.375, 38.09166666666667, -120.5, 37.96666666666667, -120.25, 38.21666666666667, 15, 11189
-120.54166666666667, 39.641666666666666, -120.66666666666667, 39.516666666666666, -120.41666666666667, 39.766666666666666, 15, 11181
-122.775, 38.34166666666667, -122.9, 38.21666666666667, -122.65, 38.46666666666667, 15, 11134
-122.49166666666666, 37.708333333333336, -122.61666666666666, 37.583333333333336, -122.36666666666666, 37.833333333333336, 15, 11121
-122.75833333333334, 39.641666666666666, -122.88333333333334, 39.516666666666666, -122.63333333333334, 39.766666666666666, 15, 10957
-120.55833333333334, 35.15833333333333, -120.68333333333334, 35.03333333333333, -120.43333333333334, 35.28333333333333, 15, 10905
-120.69166666666666, 34.525, -120.81666666666666, 34.4, -120.56666666666666, 34.65, 15, 10878
-120.80833333333334, 35.891666666666666, -120.93333333333334, 35.766666666666666, -120.68333333333334, 36.016666666666666, 15, 10641
-122.20833333333333, 38.525, -122.33333333333333, 38.4, -122.08333333333333, 38.65, 15, 10507
-122.44166666666666, 37.041666666666664, -122.56666666666666, 36.916666666666664, -122.31666666666666, 37.166666666666664, 15, 10502
-121.625, 37.75833333333333, -121.75, 37.63333333333333, -121.5, 37.88333333333333, 15, 10443
-123.375, 38.425, -123.5, 38.3, -123.25, 38.55, 15, 10361
-120.35833333333333, 35.641666666666666, -120.48333333333333, 35.516666666666666, -120.23333333333333, 35.766666666666666, 15, 10196
-122.99166666666666, 37.858333333333334, -123.11666666666666, 37.733333333333334, -122.86666666666666, 37.983333333333334, 15, 10052
-120.725, 38.49166666666667, -120.85, 38.36666666666667, -120.6, 38.61666666666667, 15, 10010
-121.00833333333334, 35.55833333333334, -121.13333333333334, 35.43333333333334, -120.88333333333334, 35.68333333333334, 15, 9931
-121.69166666666666, 36.641666666666666, -121.81666666666666, 36.516666666666666, -121.56666666666666, 36.766666666666666, 15, 9877
-121.39166666666667, 39.525, -121.51666666666667, 39.4, -121.26666666666667, 39.65, 15, 9837
-120.70833333333333, 39.40833333333333, -120.83333333333333, 39.28333333333333, -120.58333333333333, 39.53333333333333, 15, 9792
-120.24166666666667, 34.925, -120.36666666666667, 34.8, -120.11666666666667, 35.05, 15, 9759
-121.54166666666667, 38.025, -121.66666666666667, 37.9, -121.41666666666667, 38.15, 15, 9754
-120.125, 39.875, -120.25, 39.75, -120.0, 40.0, 15, 9720
-122.79166666666667, 39.875, -122.91666666666667, 39.75, -122.66666666666667, 40.0, 15, 9687
-120.125, 35.75833333333333, -120.25, 35.63333333333333, -120.0, 35.88333333333333, 15, 9592
-122.35833333333333, 39.541666666666664, -122.48333333333333, 39.416666666666664, -122.23333333333333, 39.666666666666664, 15, 9554
-121.275, 35.25833333333333, -121.4, 35.13333333333333, -121.15, 35.38333333333333, 15, 9548
-120.16666666666666, 39.03333333333333, -120.33333333333333, 38.86666666666667, -120.0, 39.2, 20, 48247
-122.0, 36.766666666666666, -122.16666666666667, 36.6, -121.83333333333333, 36.93333333333334, 20, 32454
-120.48333333333333, 38.58333333333333, -120.65, 38.416666666666664, -120.31666666666666, 38.75, 20, 31357
-120.71666666666667, 34.983333333333334, -120.88333333333334, 34.81666666666666, -120.55, 35.15, 20, 31221
-120.7, 38.96666666666667, -120.86666666666667, 38.8, -120.53333333333333, 39.13333333333333, 20, 31205
-121.06666666666666, 35.38333333333333, -121.23333333333333, 35.21666666666667, -120.9, 35.55, 20, 30962
-120.16666666666666, 38.7, -120.33333333333333, 38.53333333333333, -120.0, 38.86666666666667, 20, 29932
-120.9, 39.46666666666667, -121.06666666666666, 39.3, -120.73333333333333, 39.63333333333333, 20, 29003
-120.38333333333333, 34.766666666666666, -120.55, 34.6, -120.21666666666667, 34.93333333333334, 20, 26369
-121.23333333333333, 39.63333333333333, -121.4, 39.46666666666667, -121.06666666666666, 39.8, 20, 26053
-120.43333333333334, 39.36666666666667, -120.6, 39.2, -120.26666666666667, 39.53333333333333, 20, 25731
-120.16666666666666, 38.13333333333333, -120.33333333333333, 37.96666666666667, -120.0, 38.3, 20, 25703
-121.56666666666666, 39.83333333333333, -121.73333333333333, 39.666666666666664, -121.4, 40.0, 20, 24014
-120.5, 38.25, -120.66666666666667, 38.083333333333336, -120.33333333333333, 38.416666666666664, 20, 24007
-121.4, 35.63333333333333, -121.56666666666666, 35.46666666666667, -121.23333333333333, 35.8, 20, 23039
-120.16666666666666, 34.28333333333333, -120.33333333333333, 34.11666666666667, -120.0, 34.45, 20, 22840
-120.71666666666667, 34.65, -120.88333333333334, 34.483333333333334, -120.55, 34.81666666666666, 20, 22158
-121.66666666666666, 35.96666666666667, -121.83333333333333, 35.8, -121.5, 36.13333333333333, 20, 21983
-120.83333333333334, 39.8, -121.0, 39.63333333333333, -120.66666666666667, 39.96666666666667, 20, 21886
-122.71666666666667, 37.7, -122.88333333333334, 37.53333333333333, -122.55, 37.86666666666667, 20, 21829
-121.05000000000001, 35.05, -121.21666666666667, 34.88333333333333, -120.88333333333334, 35.21666666666667, 20, 21573
-120.6, 36.43333333333334, -120.76666666666667, 36.266666666666666, -120.43333333333334, 36.6, 20, 21117
-120.6, 35.66666666666667, -120.76666666666667, 35.5, -120.43333333333334, 35.833333333333336, 20, 20757
-122.61666666666667, 37.36666666666667, -122.78333333333333, 37.2, -122.45, 37.53333333333333, 20, 20374
-120.36666666666667, 39.7, -120.53333333333333, 39.53333333333333, -120.2, 39.86666666666667, 20, 20321
-120.16666666666666, 37.7, -120.33333333333333, 37.53333333333333, -120.0, 37.86666666666667, 20, 20285
-120.16666666666666, 35.53333333333333, -120.33333333333333, 35.36666666666667, -120.0, 35.7, 20, 19687
-121.94999999999999, 37.266666666666666, -122.11666666666666, 37.1, -121.78333333333333, 37.43333333333334, 20, 19357
-121.0, 36.06666666666666, -121.16666666666667, 35.9, -120.83333333333333, 36.233333333333334, 20, 19303
-122.33333333333334, 36.91666666666667, -122.5, 36.75, -122.16666666666667, 37.083333333333336, 20, 19039
-123.18333333333334, 38.25, -123.35, 38.083333333333336, -123.01666666666667, 38.416666666666664, 20, 18752
-122.1, 36.43333333333334, -122.26666666666667, 36.266666666666666, -121.93333333333334, 36.6, 20, 18581
-120.88333333333333, 39.13333333333333, -121.05, 38.96666666666667, -120.71666666666667, 39.3, 20, 18483
-120.23333333333333, 36.06666666666666, -120.4, 35.9, -120.06666666666666, 36.233333333333334, 20, 18252
-120.5, 34.43333333333334, -120.66666666666667, 34.266666666666666, -120.33333333333333, 34.6, 20, 18194
-121.61666666666667, 37.81666666666666, -121.78333333333333, 37.65, -121.45, 37.983333333333334, 20, 18068
-122.80000000000001, 39.68333333333334, -122.96666666666667, 39.516666666666666, -122.63333333333334, 39.85, 20, 17654
-122.76666666666667, 38.33333333333333, -122.93333333333334, 38.166666666666664, -122.6, 38.5, 20, 17371
-120.38333333333333, 35.1, -120.55, 34.93333333333334, -120.21666666666667, 35.266666666666666, 20, 16831
-122.31666666666666, 37.766666666666666, -122.48333333333333, 37.6, -122.15, 37.93333333333334, 20, 16749
-120.16666666666666, 33.95, -120.33333333333333, 33.78333333333333, -120.0, 34.11666666666667, 20, 16528
-120.16666666666666, 34.63333333333333, -120.33333333333333, 34.46666666666667, -120.0, 34.8, 20, 16219
-122.0, 36.1, -122.16666666666667, 35.93333333333334, -121.83333333333333, 36.266666666666666, 20, 15839
-122.15, 38.53333333333333, -122.31666666666666, 38.36666666666667, -121.98333333333333, 38.7, 20, 15776
-123.51666666666667, 38.516666666666666, -123.68333333333334, 38.35, -123.35, 38.68333333333333, 20, 15774
-121.66666666666666, 36.63333333333333, -121.83333333333333, 36.46666666666667, -121.5, 36.8, 20, 15747
-123.05000000000001, 37.91666666666667, -123.21666666666667, 37.75, -122.88333333333334, 38.083333333333336, 20, 15541
-120.93333333333334, 36.400000000000006, -121.1, 36.233333333333334, -120.76666666666667, 36.56666666666667, 20, 15519
-121.48333333333333, 37.2, -121.65, 37.03333333333333, -121.31666666666666, 37.36666666666667, 20, 15292
-122.30000000000001, 39.516666666666666, -122.46666666666667, 39.35, -122.13333333333334, 39.68333333333333, 20, 15277
-120.16666666666666, 39.36666666666667, -120.33333333333333, 39.2, -120.0, 39.53333333333333, 20, 15201
-120.5, 38.91666666666667, -120.66666666666667, 38.75, -120.33333333333333, 39.083333333333336, 20, 14980
-120.16666666666666, 39.83333333333333, -120.33333333333333, 39.666666666666664, -120.0, 40.0, 20, 14699
-120.16666666666666, 38.46666666666667, -120.33333333333333, 38.3, -120.0, 38.63333333333333, 20, 14668
-121.26666666666667, 36.400000000000006, -121.43333333333334, 36.233333333333334, -121.1, 36.56666666666667, 20, 14518
-120.20833333333334, 39.025000000000006, -120.41666666666667, 38.81666666666667, -120.0, 39.233333333333334, 25, 63461
-120.69166666666666, 39.00833333333333, -120.9, 38.8, -120.48333333333333, 39.21666666666667, 25, 45891
-120.69166666666666, 34.94166666666666, -120.9, 34.733333333333334, -120.48333333333333, 35.15, 25, 45727
-120.44166666666666, 38.55833333333334, -120.65, 38.35, -120.23333333333333, 38.766666666666666, 25, 45666
-121.10833333333333, 35.375, -121.31666666666666, 35.166666666666664, -120.9, 35.583333333333336, 25, 44249
-122.04166666666666, 36.74166666666667, -122.25, 36.53333333333333, -121.83333333333333, 36.95, 25, 43362
-120.92500000000001, 39.474999999999994, -121.13333333333334, 39.266666666666666, -120.71666666666667, 39.68333333333333, 25, 42973
-120.20833333333334, 38.141666666666666, -120.41666666666667, 37.93333333333334, -120.0, 38.35, 25, 38180
-120.29166666666666, 34.55833333333334, -120.5, 34.35, -120.08333333333333, 34.766666666666666, 25, 38066
-120.50833333333333, 39.49166666666667, -120.71666666666667, 39.28333333333333, -120.3, 39.7, 25, 37048
-121.34166666666667, 39.79166666666667, -121.55, 39.583333333333336, -121.13333333333334, 40.0, 25, 36378
-121.55833333333334, 35.79166666666667, -121.76666666666667, 35.583333333333336, -121.35, 36.0, 25, 32536
-122.74166666666667, 37.675, -122.95, 37.46666666666667, -122.53333333333333, 37.88333333333333, 25, 31992
-120.575, 36.40833333333333, -120.78333333333333, 36.2, -120.36666666666667, 36.61666666666667, 25, 30526
-120.54166666666666, 35.69166666666666, -120.75, 35.483333333333334, -120.33333333333333, 35.9, 25, 29968
-120.20833333333334, 34.141666666666666, -120.41666666666667, 33.93333333333334, -120.0, 34.35, 25, 29223
-120.70833333333334, 34.525, -120.91666666666667, 34.31666666666666, -120.5, 34.733333333333334, 25, 29142
-121.00833333333333, 36.075, -121.21666666666667, 35.86666666666667, -120.8, 36.28333333333333, 25, 28220
-122.57499999999999, 37.25833333333333, -122.78333333333333, 37.05, -122.36666666666666, 37.46666666666667, 25, 28146
-120.20833333333334, 39.79166666666667, -120.41666666666667, 39.583333333333336, -120.0, 40.0, 25, 27816
-123.20833333333334, 38.25833333333333, -123.41666666666667, 38.05, -123.0, 38.46666666666667, 25, 27404
-121.95833333333334, 37.24166666666667, -122.16666666666667, 37.03333333333333, -121.75, 37.45, 25, 27404
-120.20833333333334, 38.608333333333334, -120.41666666666667, 38.4, -120.0, 38.81666666666667, 25, 27142
-120.20833333333334, 37.725, -120.41666666666667, 37.516666666666666, -120.0, 37.93333333333334, 25, 26954
-121.64166666666667, 37.858333333333334, -121.85, 37.65, -121.43333333333334, 38.06666666666667, 25, 26810
-120.275, 34.975, -120.48333333333333, 34.766666666666666, -120.06666666666666, 35.18333333333334, 25, 26764
-121.90833333333333, 36.20833333333333, -122.11666666666666, 36.0, -121.7, 36.416666666666664, 25, 26332
-121.10833333333333, 34.95833333333333, -121.31666666666666, 34.75, -120.9, 35.166666666666664, 25, 26227
-120.20833333333334, 35.99166666666667, -120.41666666666667, 35.78333333333333, -120.0, 36.2, 25, 26158
-122.725, 39.75833333333333, -122.93333333333334, 39.55, -122.51666666666667, 39.96666666666667, 25, 26087
-120.20833333333334, 35.525, -120.41666666666667, 35.31666666666666, -120.0, 35.733333333333334, 25, 25088
-122.67500000000001, 38.34166666666667, -122.88333333333334, 38.13333333333333, -122.46666666666667, 38.55, 25, 24696
-120.92500000000001, 39.79166666666667, -121.13333333333334, 39.583333333333336, -120.71666666666667, 40.0, 25, 24625
-122.275, 37.675, -122.48333333333333, 37.46666666666667, -122.06666666666666, 37.88333333333333, 25, 24287
-122.45833333333334, 36.84166666666667, -122.66666666666667, 36.63333333333333, -122.25, 37.05, 25, 22827
-122.25833333333333, 39.474999999999994, -122.46666666666667, 39.266666666666666, -122.05, 39.68333333333333, 25, 22550
-121.475, 36.641666666666666, -121.68333333333334, 36.43333333333334, -121.26666666666667, 36.85, 25, 22450
-121.30833333333334, 37.25833333333333, -121.51666666666667, 37.05, -121.1, 37.46666666666667, 25, 22307
-122.125, 38.45833333333333, -122.33333333333333, 38.25, -121.91666666666667, 38.666666666666664, 25, 22218
-121.34166666666667, 39.375, -121.55, 39.166666666666664, -121.13333333333334, 39.583333333333336, 25, 22055
-121.75833333333333, 39.79166666666667, -121.96666666666667, 39.583333333333336, -121.55, 40.0, 25, 21489
-120.625, 38.141666666666666, -120.83333333333333, 37.93333333333334, -120.41666666666667, 38.35, 25, 21188
-120.99166666666667, 36.49166666666667, -121.2, 36.28333333333333, -120.78333333333333, 36.7, 25, 20852
-123.59166666666667, 38.575, -123.8, 38.36666666666667, -123.38333333333334, 38.78333333333333, 25, 20553
-121.525, 35.375, -121.73333333333333, 35.166666666666664, -121.31666666666666, 35.583333333333336, 25, 19859
-124.00833333333333, 39.625, -124.21666666666667, 39.416666666666664, -123.8, 39.833333333333336, 25, 19845
-123.15833333333333, 37.84166666666667, -123.36666666666666, 37.63333333333333, -122.95, 38.05, 25, 19333
-120.25, 38.96666666666667, -120.5, 38.71666666666667, -120.0, 39.21666666666667, 30, 78545
-120.66666666666667, 34.9, -120.91666666666667, 34.65, -120.41666666666667, 35.15, 30, 62848
-120.4, 38.46666666666667, -120.65, 38.21666666666667, -120.15, 38.71666666666667, 30, 62430
-120.75, 39.166666666666664, -121.0, 38.916666666666664, -120.5, 39.416666666666664, 30, 62204
-121.13333333333334, 35.36666666666667, -121.38333333333334, 35.11666666666667, -120.88333333333334, 35.61666666666667, 30, 57650
-121.0, 39.666666666666664, -121.25, 39.416666666666664, -120.75, 39.916666666666664, 30, 56617
-122.06666666666666, 36.7, -122.31666666666666, 36.45, -121.81666666666666, 36.95, 30, 54780
-120.25, 34.516666666666666, -120.5, 34.266666666666666, -120.0, 34.766666666666666, 30, 50709
-121.5, 39.75, -121.75, 39.5, -121.25, 40.0, 30, 47454
-120.28333333333333, 39.583333333333336, -120.53333333333333, 39.333333333333336, -120.03333333333333, 39.833333333333336, 30, 46357
-120.25, 37.96666666666667, -120.5, 37.71666666666667, -120.0, 38.21666666666667, 30, 45040
-122.65, 37.61666666666667, -122.9, 37.36666666666667, -122.4, 37.86666666666667, 30, 43760
-121.61666666666667, 35.85, -121.86666666666667, 35.6, -121.36666666666667, 36.1, 30, 42534
-120.51666666666667, 35.733333333333334, -120.76666666666667, 35.483333333333334, -120.26666666666667, 35.983333333333334, 30, 41797
-120.75, 36.36666666666667, -121.0, 36.11666666666667, -120.5, 36.61666666666667, 30, 41519
-123.01666666666667, 38.11666666666667, -123.26666666666667, 37.86666666666667, -122.76666666666667, 38.36666666666667, 30, 37558
-122.6, 39.75, -122.85, 39.5, -122.35, 40.0, 30, 36997
-121.68333333333334, 37.88333333333333, -121.93333333333334, 37.63333333333333, -121.43333333333334, 38.13333333333333, 30, 36757
-122.03333333333333, 37.38333333333333, -122.28333333333333, 37.13333333333333, -121.78333333333333, 37.63333333333333, 30, 36014
-122.53333333333333, 37.11666666666667, -122.78333333333333, 36.86666666666667, -122.28333333333333, 37.36666666666667, 30, 35368
-120.25, 34.016666666666666, -120.5, 33.766666666666666, -120.0, 34.266666666666666, 30, 31868
-120.25, 36.233333333333334, -120.5, 35.983333333333334, -120.0, 36.483333333333334, 30, 31717
-121.01666666666667, 35.86666666666667, -121.26666666666667, 35.61666666666667, -120.76666666666667, 36.11666666666667, 30, 31239
-121.55, 36.68333333333334, -121.8, 36.43333333333334, -121.3, 36.93333333333334, 30, 31194
-122.03333333333333, 36.2, -122.28333333333333, 35.95, -121.78333333333333, 36.45, 30, 31092
-120.75, 38.666666666666664, -121.0, 38.416666666666664, -120.5, 38.916666666666664, 30, 30833
-121.33333333333333, 37.28333333333333, -121.58333333333333, 37.03333333333333, -121.08333333333333, 37.53333333333333, 30, 30697
-123.45, 38.46666666666667, -123.7, 38.21666666666667, -123.2, 38.71666666666667, 30, 30433
-120.75, 34.4, -121.0, 34.15, -120.5, 34.65, 30, 30404
-122.33333333333333, 38.38333333333333, -122.58333333333333, 38.13333333333333, -122.08333333333333, 38.63333333333333, 30, 29692
-120.25, 35.43333333333334, -120.5, 35.18333333333334, -120.0, 35.68333333333334, 30, 29504
-121.16666666666667, 34.86666666666667, -121.41666666666667, 34.61666666666667, -120.91666666666667, 35.11666666666667, 30, 28284
-122.15, 39.3, -122.4, 39.05, -121.9, 39.55, 30, 27647
-120.25, 37.46666666666667, -120.5, 37.21666666666667, -120.0, 37.71666666666667, 30, 27599
-122.18333333333334, 37.88333333333333, -122.43333333333334, 37.63333333333333, -121.93333333333334, 38.13333333333333, 30, 27430
-120.78333333333333, 36.86666666666667, -121.03333333333333, 36.61666666666667, -120.53333333333333, 37.11666666666667, 30, 25775
-120.5, 39.75, -120.75, 39.5, -120.25, 40.0, 30, 25578
-121.25, 39.166666666666664, -121.5, 38.916666666666664, -121.0, 39.416666666666664, 30, 25413
-121.25, 36.36666666666667, -121.5, 36.11666666666667, -121.0, 36.61666666666667, 30, 25403
-124.01666666666667, 39.583333333333336, -124.26666666666667, 39.333333333333336, -123.76666666666667, 39.833333333333336, 30, 25262
-121.31666666666666, 38.63333333333333, -121.56666666666666, 38.38333333333333, -121.06666666666666, 38.88333333333333, 30, 25033
-121.93333333333334, 38.8, -122.18333333333334, 38.55, -121.68333333333334, 39.05, 30, 24910
-120.25, 36.733333333333334, -120.5, 36.483333333333334, -120.0, 36.983333333333334, 30, 24889
-120.25, 35.016666666666666, -120.5, 34.766666666666666, -120.0, 35.266666666666666, 30, 23910
-123.88333333333334, 38.983333333333334, -124.13333333333334, 38.733333333333334, -123.63333333333334, 39.233333333333334, 30, 23568
-120.29166666666666, 38.891666666666666, -120.58333333333333, 38.6, -120.0, 39.18333333333333, 35, 103867
-120.625, 34.858333333333334, -120.91666666666667, 34.56666666666666, -120.33333333333333, 35.15, 35, 81781
-120.775, 39.45833333333333, -121.06666666666666, 39.166666666666664, -120.48333333333333, 39.75, 35, 78235
-120.29166666666666, 38.30833333333334, -120.58333333333333, 38.016666666666666, -120.0, 38.6, 35, 77812
-121.17500000000001, 35.358333333333334, -121.46666666666667, 35.06666666666666, -120.88333333333334, 35.65, 35, 70516
-121.35833333333333, 39.70833333333333, -121.65, 39.416666666666664, -121.06666666666666, 40.0, 35, 66857
-122.04166666666666, 36.69166666666666, -122.33333333333333, 36.4, -121.75, 36.983333333333334, 35, 66659
-120.875, 38.875, -121.16666666666667, 38.583333333333336, -120.58333333333333, 39.166666666666664, 35, 57165
-122.67500000000001, 37.59166666666667, -122.96666666666667, 37.3, -122.38333333333334, 37.88333333333333, 35, 57030
-120.29166666666666, 34.40833333333333, -120.58333333333333, 34.11666666666667, -120.0, 34.7, 35, 56927
-120.29166666666666, 39.474999999999994, -120.58333333333333, 39.18333333333333, -120.0, 39.766666666666666, 35, 54816
-120.725, 36.325, -121.01666666666667, 36.03333333333333, -120.43333333333334, 36.61666666666667, 35, 54506
-120.29166666666666, 35.74166666666667, -120.58333333333333, 35.45, -120.0, 36.03333333333333, 35, 54366
-121.67500000000001, 35.90833333333333, -121.96666666666667, 35.61666666666667, -121.38333333333334, 36.2, 35, 52829
-123.025, 38.175, -123.31666666666666, 37.88333333333333, -122.73333333333333, 38.46666666666667, 35, 49224
-122.59166666666667, 39.70833333333333, -122.88333333333334, 39.416666666666664, -122.3, 40.0, 35, 48758
-122.05833333333334, 37.50833333333333, -122.35, 37.21666666666667, -121.76666666666667, 37.8, 35, 47490
-120.29166666666666, 37.725, -120.58333333333333, 37.43333333333334, -120.0, 38.016666666666666, 35, 45339
-121.54166666666666, 37.891666666666666, -121.83333333333333, 37.6, -121.25, 38.18333333333333, 35, 42303
-120.875, 35.74166666666667, -121.16666666666667, 35.45, -120.58333333333333, 36.03333333333333, 35, 40136
-122.39166666666667, 38.40833333333333, -122.68333333333334, 38.11666666666667, -122.1, 38.7, 35, 39825
-121.45833333333334, 36.55833333333334, -121.75, 36.266666666666666, -121.16666666666667, 36.85, 35, 39667
-121.35833333333333, 37.30833333333334, -121.65, 37.016666666666666, -121.06666666666666, 37.6, 35, 39659
-122.625, 37.00833333333333, -122.91666666666667, 36.71666666666667, -122.33333333333333, 37.3, 35, 38868
-123.60833333333333, 38.50833333333333, -123.9, 38.21666666666667, -123.31666666666666, 38.8, 35, 35132
-120.875, 38.29166666666667, -121.16666666666667, 38.0, -120.58333333333333, 38.583333333333336, 35, 34576
-122.04166666666666, 39.30833333333334, -122.33333333333333, 39.016666666666666, -121.75, 39.6, 35, 34566
-120.775, 36.90833333333333, -121.06666666666666, 36.61666666666667, -120.48333333333333, 37.2, 35, 33764
-120.29166666666666, 35.15833333333333, -120.58333333333333, 34.86666666666667, -120.0, 35.45, 35, 32701
-121.54166666666666, 38.70833333333333, -121.83333333333333, 38.416666666666664, -121.25, 39.0, 35, 32575
-120.29166666666666, 36.34166666666667, -120.58333333333333, 36.05, -120.0, 36.63333333333333, 35, 31198
-120.33333333333334, 38.88333333333333, -120.66666666666667, 38.55, -120.0, 39.21666666666667, 40, 133366
-120.61666666666667, 34.81666666666666, -120.95, 34.483333333333334, -120.28333333333333, 35.15, 40, 100877
-120.78333333333333, 39.55, -121.11666666666667, 39.21666666666667, -120.45, 39.88333333333333, 40, 96447
-120.33333333333334, 38.21666666666667, -120.66666666666667, 37.88333333333333, -120.0, 38.55, 40, 88523
-121.21666666666667, 35.46666666666667, -121.55, 35.13333333333333, -120.88333333333334, 35.8, 40, 83320
-122.08333333333334, 36.8, -122.41666666666667, 36.46666666666667, -121.75, 37.13333333333333, 40, 80157
-121.45, 39.66666666666667, -121.78333333333333, 39.333333333333336, -121.11666666666667, 40.0, 40, 76733
-120.33333333333334, 35.83333333333333, -120.66666666666667, 35.5, -120.0, 36.166666666666664, 40, 70645
-122.6, 37.55, -122.93333333333334, 37.21666666666667, -122.26666666666667, 37.88333333333333, 40, 70325
-121.0, 36.18333333333334, -121.33333333333333, 35.85, -120.66666666666667, 36.516666666666666, 40, 64036
-120.33333333333334, 34.15, -120.66666666666667, 33.81666666666666, -120.0, 34.483333333333334, 40, 63338
-123.05000000000001, 38.21666666666667, -123.38333333333334, 37.88333333333333, -122.71666666666667, 38.55, 40, 61644
-121.0, 38.88333333333333, -121.33333333333333, 38.55, -120.66666666666667, 39.21666666666667, 40, 60521
-122.61666666666667, 39.66666666666667, -122.95, 39.333333333333336, -122.28333333333333, 40.0, 40, 60468
-121.75, 37.46666666666667, -122.08333333333333, 37.13333333333333, -121.41666666666667, 37.8, 40, 59464
-121.83333333333334, 36.13333333333333, -122.16666666666667, 35.8, -121.5, 36.46666666666667, 40, 59377
-120.33333333333334, 39.66666666666667, -120.66666666666667, 39.333333333333336, -120.0, 40.0, 40, 56292
-120.33333333333334, 36.5, -120.66666666666667, 36.166666666666664, -120.0, 36.833333333333336, 40, 54999
-122.38333333333333, 38.36666666666667, -122.71666666666667, 38.03333333333333, -122.05, 38.7, 40, 50573
-121.71666666666667, 38.13333333333333, -122.05, 37.8, -121.38333333333334, 38.46666666666667, 40, 49789
-120.33333333333334, 37.55, -120.66666666666667, 37.21666666666667, -120.0, 37.88333333333333, 40, 49784
-121.41666666666666, 36.8, -121.75, 36.46666666666667, -121.08333333333333, 37.13333333333333, 40, 48773
-122.05000000000001, 39.03333333333333, -122.38333333333334, 38.7, -121.71666666666667, 39.36666666666667, 40, 43143
-121.08333333333334, 37.46666666666667, -121.41666666666667, 37.13333333333333, -120.75, 37.8, 40, 41222
-120.33333333333334, 35.16666666666667, -120.66666666666667, 34.833333333333336, -120.0, 35.5, 40, 40342
-120.375, 38.84166666666667, -120.75, 38.46666666666667, -120.0, 39.21666666666667, 45, 160888
-120.55833333333334, 34.775, -120.93333333333334, 34.4, -120.18333333333334, 35.15, 45, 120408
-120.70833333333333, 39.59166666666667, -121.08333333333333, 39.21666666666667, -120.33333333333333, 39.96666666666667, 45, 117495
-121.25833333333334, 35.59166666666667, -121.63333333333334, 35.21666666666667, -120.88333333333334, 35.96666666666667, 45, 98553
-122.14166666666667, 37.00833333333333, -122.51666666666667, 36.63333333333333, -121.76666666666667, 37.38333333333333, 45, 97536
-120.375, 38.09166666666667, -120.75, 37.71666666666667, -120.0, 38.46666666666667, 45, 97254
-120.375, 35.84166666666667, -120.75, 35.46666666666667, -120.0, 36.21666666666667, 45, 88769
-121.45833333333333, 39.625, -121.83333333333333, 39.25, -121.08333333333333, 40.0, 45, 88705
-122.775, 37.958333333333336, -123.15, 37.583333333333336, -122.4, 38.333333333333336, 45, 82444
-122.64166666666667, 39.625, -123.01666666666667, 39.25, -122.26666666666667, 40.0, 45, 74287
-120.725, 36.59166666666667, -121.1, 36.21666666666667, -120.35, 36.96666666666667, 45, 73896
-121.80833333333334, 37.75833333333333, -122.18333333333334, 37.38333333333333, -121.43333333333334, 38.13333333333333, 45, 72043
-121.95833333333333, 36.25833333333333, -122.33333333333333, 35.88333333333333, -121.58333333333333, 36.63333333333333, 45, 71601
-121.125, 38.84166666666667, -121.5, 38.46666666666667, -120.75, 39.21666666666667, 45, 65712
-121.39166666666667, 37.00833333333333, -121.76666666666667, 36.63333333333333, -121.01666666666667, 37.38333333333333, 45, 61855
-120.375, 34.075, -120.75, 33.7, -120.0, 34.45, 45, 61828
-122.025, 38.50833333333333, -122.4, 38.13333333333333, -121.65, 38.88333333333333, 45, 58657
-123.50833333333334, 38.44166666666667, -123.88333333333334, 38.06666666666667, -123.13333333333334, 38.81666666666667, 45, 58045
-122.85833333333333, 37.208333333333336, -123.23333333333333, 36.833333333333336, -122.48333333333333, 37.583333333333336, 45, 53209
-120.375, 37.34166666666667, -120.75, 36.96666666666667, -120.0, 37.71666666666667, 45, 50261
-121.30833333333334, 34.84166666666667, -121.68333333333334, 34.46666666666667, -120.93333333333334, 35.21666666666667, 45, 48345
-120.41666666666666, 38.83333333333333, -120.83333333333333, 38.416666666666664, -120.0, 39.25, 50, 189963
-120.51666666666667, 34.733333333333334, -120.93333333333334, 34.31666666666666, -120.1, 35.15, 50, 142347
-120.88333333333333, 39.58333333333333, -121.3, 39.166666666666664, -120.46666666666667, 40.0, 50, 133588
-121.23333333333333, 35.56666666666666, -121.65, 35.15, -120.81666666666666, 35.983333333333334, 50, 117612
-122.16666666666666, 37.016666666666666, -122.58333333333333, 36.6, -121.75, 37.43333333333334, 50, 117008
-120.41666666666666, 38.0, -120.83333333333333, 37.583333333333336, -120.0, 38.416666666666664, 50, 105986
-120.41666666666666, 35.93333333333334, -120.83333333333333, 35.516666666666666, -120.0, 36.35, 50, 105841
-122.80000000000001, 37.983333333333334, -123.21666666666667, 37.56666666666667, -122.38333333333334, 38.4, 50, 99681
-122.55000000000001, 39.58333333333333, -122.96666666666667, 39.166666666666664, -122.13333333333334, 40.0, 50, 86108
-121.85, 37.85, -122.26666666666667, 37.43333333333334, -121.43333333333334, 38.266666666666666, 50, 86046
-121.71666666666667, 39.58333333333333, -122.13333333333334, 39.166666666666664, -121.3, 40.0, 50, 82115
-121.25, 36.400000000000006, -121.66666666666667, 35.983333333333334, -120.83333333333333, 36.81666666666667, 50, 80577
-122.06666666666666, 36.18333333333334, -122.48333333333333, 35.766666666666666, -121.65, 36.6, 50, 76758
-120.41666666666666, 36.766666666666666, -120.83333333333333, 36.35, -120.0, 37.18333333333334, 50, 73068
-121.9, 38.68333333333334, -122.31666666666666, 38.266666666666666, -121.48333333333333, 39.1, 50, 68109
-121.25, 37.233333333333334, -121.66666666666667, 36.81666666666667, -120.83333333333333, 37.65, 50, 67813
-123.53333333333333, 38.71666666666667, -123.95, 38.3, -123.11666666666666, 39.13333333333333, 50, 63743
-120.41666666666666, 39.58333333333333, -120.83333333333333, 39.166666666666664, -120.0, 40.0, 50, 61852
